Defect count,Defect ratio,Resistance (R0)
0.0,0.0,1.5018369049810532
5.0,0.00024629328604502243,1.5033364378166025
10.0,0.0004925865720900449,1.5048523332916592
15.0,0.0007388798581350672,1.5063550544514128
20.0,0.0009851731441800897,1.5078880974747289
25.0,0.0012314664302251121,1.5093804456777304
30.0,0.0014777597162701345,1.5108991721496234
35.0,0.0017240530023151569,1.512408203740967
40.0,0.0019703462883601795,1.5139977265429012
45.0,0.0022166395744052016,1.515486098475329
50.0,0.0024629328604502242,1.5169883276516203
55.0,0.0027092261464952464,1.5185421625722293
60.0,0.002955519432540269,1.5200240626680865
65.0,0.003201812718585291,1.5215559978045468
70.0,0.0034481060046303138,1.5230667636214048
75.0,0.0036943992906753364,1.5246283346565483
80.0,0.003940692576720359,1.5261640268871821
85.0,0.004186985862765381,1.5277047567261546
90.0,0.004433279148810403,1.5292044487581717
95.0,0.004679572434855426,1.5307199123400406
100.0,0.0049258657209004485,1.532259754234444
105.0,0.005172159006945471,1.533765822342357
110.0,0.005418452292990493,1.535329665637596
115.0,0.005664745579035515,1.5368350920876965
120.0,0.005911038865080538,1.5383446811783963
125.0,0.006157332151125561,1.5398690166646847
130.0,0.006403625437170582,1.5413588057477619
135.0,0.006649918723215605,1.5429175767158363
140.0,0.0068962120092606275,1.5444793374836547
145.0,0.00714250529530565,1.5461046293647285
150.0,0.007388798581350673,1.5477138783609443
155.0,0.007635091867395694,1.5492765316097445
160.0,0.007881385153440718,1.5508399874958383
165.0,0.008127678439485739,1.5523802083783345
170.0,0.008373971725530761,1.5540139511870954
175.0,0.008620265011575784,1.5556172202119216
180.0,0.008866558297620807,1.5571806174909437
185.0,0.00911285158366583,1.5587691945411175
190.0,0.009359144869710852,1.5603638889361304
195.0,0.009605438155755874,1.5619347423741323
200.0,0.009851731441800897,1.5635464743395977
205.0,0.01009802472784592,1.56510915622593
210.0,0.010344318013890942,1.5666789062797761
215.0,0.010590611299935963,1.5682989379868537
220.0,0.010836904585980986,1.5698620154147287
225.0,0.011083197872026008,1.571486959257072
230.0,0.01132949115807103,1.5730148298027464
235.0,0.011575784444116053,1.574607746938592
240.0,0.011822077730161076,1.576279726737872
245.0,0.012068371016206099,1.577893898448191
250.0,0.012314664302251121,1.5795799733563596
255.0,0.012560957588296144,1.5811612316064971
260.0,0.012807250874341165,1.5828478740402459
265.0,0.013053544160386187,1.5845256193106312
270.0,0.01329983744643121,1.586211841561329
275.0,0.013546130732476232,1.5878459885278768
280.0,0.013792424018521255,1.589434471296618
285.0,0.014038717304566278,1.5910676547100966
290.0,0.0142850105906113,1.5927023466964867
295.0,0.014531303876656323,1.5944585285058208
300.0,0.014777597162701345,1.5961634172812258
305.0,0.015023890448746368,1.5978311052681968
310.0,0.015270183734791389,1.5996024563085174
315.0,0.015516477020836411,1.6012162826599707
320.0,0.015762770306881436,1.6028592912848376
325.0,0.01600906359292646,1.6046233515500363
330.0,0.016255356878971478,1.6062179541324375
335.0,0.0165016501650165,1.607946146531106
340.0,0.016747943451061523,1.6097703312560487
345.0,0.016994236737106545,1.6114241385740824
350.0,0.017240530023151568,1.613002587367388
355.0,0.01748682330919659,1.6146997280576576
360.0,0.017733116595241613,1.616386120206844
365.0,0.017979409881286636,1.6181778985498723
370.0,0.01822570316733166,1.6200634493968618
375.0,0.01847199645337668,1.621657211018539
380.0,0.018718289739421703,1.6233097686695765
385.0,0.018964583025466726,1.624942018101934
390.0,0.01921087631151175,1.6267557611653038
395.0,0.01945716959755677,1.628386580898485
400.0,0.019703462883601794,1.6301335261598653
405.0,0.019949756169646816,1.6317565525357998
410.0,0.02019604945569184,1.6333927480442874
415.0,0.02044234274173686,1.635163180408428
420.0,0.020688636027781884,1.636954756994959
425.0,0.020934929313826903,1.6387784614659238
430.0,0.021181222599871926,1.6405599655475402
435.0,0.02142751588591695,1.642309551384572
440.0,0.02167380917196197,1.6440625409160317
445.0,0.021920102458006994,1.6458840080680732
450.0,0.022166395744052016,1.6475970340119725
455.0,0.02241268903009704,1.6493509716909531
460.0,0.02265898231614206,1.65092957095683
465.0,0.022905275602187084,1.6526537983597653
470.0,0.023151568888232107,1.6543651208875092
475.0,0.02339786217427713,1.656121139931169
480.0,0.023644155460322152,1.6579381284308554
485.0,0.023890448746367175,1.65987235645842
490.0,0.024136742032412197,1.6615152281179317
495.0,0.02438303531845722,1.6631832726676514
500.0,0.024629328604502242,1.664931784051718
505.0,0.024875621890547265,1.66666028591212
510.0,0.025121915176592288,1.6685585718512674
515.0,0.02536820846263731,1.6703302421094306
520.0,0.02561450174868233,1.6721591914077927
525.0,0.025860795034727352,1.6740388463504763
530.0,0.026107088320772374,1.6758402301263424
535.0,0.026353381606817397,1.6775648639160556
540.0,0.02659967489286242,1.6796134720175295
545.0,0.026845968178907442,1.6813442384346389
550.0,0.027092261464952465,1.6832152645515321
555.0,0.027338554750997487,1.685126999327921
560.0,0.02758484803704251,1.6870168772172287
565.0,0.027831141323087533,1.688779850367543
570.0,0.028077434609132555,1.6905982422985448
575.0,0.028323727895177578,1.692556091554031
580.0,0.0285700211812226,1.694328241707671
585.0,0.028816314467267623,1.6960589645994875
590.0,0.029062607753312646,1.698073803948047
595.0,0.029308901039357668,1.6998397349465888
600.0,0.02955519432540269,1.7016637966216486
605.0,0.029801487611447713,1.7034430203786315
610.0,0.030047780897492736,1.7053033194605056
615.0,0.030294074183537755,1.707168317017119
620.0,0.030540367469582778,1.7091540723154253
625.0,0.0307866607556278,1.7111427215690422
630.0,0.031032954041672823,1.7131103868417483
635.0,0.03127924732771785,1.7151749947001702
640.0,0.03152554061376287,1.717180263377799
645.0,0.031771833899807894,1.718996443611921
650.0,0.03201812718585292,1.720880156999327
655.0,0.03226442047189794,1.722802345641766
660.0,0.032510713757942955,1.7248897660040925
665.0,0.03275700704398798,1.7267418820436118
670.0,0.033003300330033,1.7287577424694838
675.0,0.03324959361607802,1.7306275726233193
680.0,0.033495886902123045,1.7325964503720688
685.0,0.03374218018816807,1.7345407629356437
690.0,0.03398847347421309,1.7362796315288822
695.0,0.03423476676025811,1.7382320304798746
700.0,0.034481060046303136,1.7400066723097947
705.0,0.03472735333234816,1.7418121473282522
710.0,0.03497364661839318,1.7438035712941284
715.0,0.035219939904438204,1.7459314647187298
720.0,0.035466233190483226,1.7479093221398359
725.0,0.03571252647652825,1.7500393015598594
730.0,0.03595881976257327,1.7521496920215849
735.0,0.036205113048618294,1.7542862737493587
740.0,0.03645140633466332,1.7561822423165692
745.0,0.03669769962070834,1.7581882782063423
750.0,0.03694399290675336,1.760244178581059
755.0,0.037190286192798384,1.7621824754571933
760.0,0.03743657947884341,1.7642234863936803
765.0,0.03768287276488843,1.7663662716230613
770.0,0.03792916605093345,1.7683246188478903
775.0,0.038175459336978475,1.7703891585443285
780.0,0.0384217526230235,1.772610454913026
785.0,0.03866804590906852,1.7746038808525335
790.0,0.03891433919511354,1.776645600094755
795.0,0.039160632481158565,1.7786265778374495
800.0,0.03940692576720359,1.780596174281552
805.0,0.03965321905324861,1.7828703669398982
810.0,0.03989951233929363,1.7852136302030805
815.0,0.040145805625338656,1.7873697668666901
820.0,0.04039209891138368,1.7891518173550018
825.0,0.0406383921974287,1.7913024544445728
830.0,0.04088468548347372,1.7934847577964763
835.0,0.041130978769518746,1.7955976790611452
840.0,0.04137727205556377,1.7976928407776511
845.0,0.04162356534160879,1.7999462089110911
850.0,0.04186985862765381,1.8021421029917282
855.0,0.04211615191369883,1.804322131725935
860.0,0.04236244519974385,1.8064838130680712
865.0,0.042608738485788875,1.8084245329234347
870.0,0.0428550317718339,1.810531052382591
875.0,0.04310132505787892,1.8127277756534412
880.0,0.04334761834392394,1.8147974696116576
885.0,0.043593911629968965,1.816942145357642
890.0,0.04384020491601399,1.8190275617351397
895.0,0.04408649820205901,1.8210440958063727
900.0,0.04433279148810403,1.8232067756948807
905.0,0.044579084774149055,1.8251677073808656
910.0,0.04482537806019408,1.827211651820506
915.0,0.0450716713462391,1.8293646981318714
920.0,0.04531796463228412,1.8315143844422073
925.0,0.045564257918329146,1.833644719627706
930.0,0.04581055120437417,1.8358479629968127
935.0,0.04605684449041919,1.8382154006988702
940.0,0.046303137776464214,1.8402600320071394
945.0,0.046549431062509236,1.8424150600825033
950.0,0.04679572434855426,1.844429297923091
955.0,0.04704201763459928,1.8466604219252352
960.0,0.047288310920644304,1.848853071539932
965.0,0.047534604206689327,1.851309474531336
970.0,0.04778089749273435,1.8532613345862141
975.0,0.04802719077877937,1.8553638134356192
980.0,0.048273484064824394,1.8579695116783181
985.0,0.04851977735086942,1.8603128718122919
990.0,0.04876607063691444,1.8624052759593537
995.0,0.04901236392295946,1.8647505102720092
1000.0,0.049258657209004485,1.8670298076312877
1005.0,0.04950495049504951,1.869322851399174
1010.0,0.04975124378109453,1.87170833482623
1015.0,0.04999753706713955,1.8738611008264578
1020.0,0.050243830353184575,1.8760885589495964
1025.0,0.0504901236392296,1.8783837165930097
1030.0,0.05073641692527462,1.8806124510534683
1035.0,0.05098271021131964,1.88283068187133
1040.0,0.05122900349736466,1.8852444030547109
1045.0,0.05147529678340968,1.887429732686451
1050.0,0.051721590069454704,1.8897948388312196
1055.0,0.051967883355499726,1.8923149100491887
1060.0,0.05221417664154475,1.894459366053213
1065.0,0.05246046992758977,1.8966467689197382
1070.0,0.052706763213634794,1.898875388659143
1075.0,0.05295305649967982,1.901212619798066
1080.0,0.05319934978572484,1.9036905915924087
1085.0,0.05344564307176986,1.9060790750479442
1090.0,0.053691936357814884,1.9085835970577094
1095.0,0.05393822964385991,1.91095891036708
1100.0,0.05418452292990493,1.913456496039212
1105.0,0.05443081621594995,1.915733431468795
1110.0,0.054677109501994975,1.9178740586858705
1115.0,0.05492340278804,1.9202103322531
1120.0,0.05516969607408502,1.922553402021239
1125.0,0.05541598936013004,1.92504693762466
1130.0,0.055662282646175065,1.9276296986545787
1135.0,0.05590857593222009,1.9299456252751652
1140.0,0.05615486921826511,1.9324423629018874
1145.0,0.05640116250431013,1.9347233938323822
1150.0,0.056647455790355156,1.9368931806378875
1155.0,0.05689374907640018,1.9393950793239283
1160.0,0.0571400423624452,1.94154639824949
1165.0,0.05738633564849022,1.943833613594128
1170.0,0.057632628934535246,1.94604817589554
1175.0,0.05787892222058027,1.9482249895315409
1180.0,0.05812521550662529,1.9505066603174217
1185.0,0.058371508792670314,1.9528668132191613
1190.0,0.058617802078715336,1.9553882182488078
1195.0,0.05886409536476036,1.9577432637588414
1200.0,0.05911038865080538,1.9601874976339582
1205.0,0.059356681936850404,1.9623363709937829
1210.0,0.05960297522289543,1.964731504844183
1215.0,0.05984926850894045,1.9673683250374714
1220.0,0.06009556179498547,1.9695016771543041
1225.0,0.06034185508103049,1.9719879898356225
1230.0,0.06058814836707551,1.974576626181391
1235.0,0.06083444165312053,1.9767191469540262
1240.0,0.061080734939165555,1.9791579012492067
1245.0,0.06132702822521058,1.9817861107579802
1250.0,0.0615733215112556,1.9843069527507462
1255.0,0.06181961479730062,1.9869638091011506
1260.0,0.062065908083345646,1.9893524069983612
1265.0,0.06231220136939067,1.9919214574829
1270.0,0.0625584946554357,1.9944733340801795
1275.0,0.06280478794148071,1.9973324839541082
1280.0,0.06305108122752574,1.999875099782309
1285.0,0.06329737451357076,2.002254331949638
1290.0,0.06354366779961579,2.0052440789193815
1295.0,0.0637899610856608,2.0078034378427936
1300.0,0.06403625437170583,2.010138525556937
1305.0,0.06428254765775085,2.0124323751992845
1310.0,0.06452884094379588,2.0154165632758776
1315.0,0.0647751342298409,2.0178272828323394
1320.0,0.06502142751588591,2.0199951481497544
1325.0,0.06526772080193094,2.022608865963556
1330.0,0.06551401408797596,2.0254952203297854
1335.0,0.06576030737402098,2.027918552401154
1340.0,0.066006600660066,2.030735153274386
1345.0,0.06625289394611103,2.033098434881049
1350.0,0.06649918723215605,2.03578220548025
1355.0,0.06674548051820108,2.038303590359484
1360.0,0.06699177380424609,2.041075178057441
1365.0,0.06723806709029112,2.04385092925364
1370.0,0.06748436037633614,2.0464505878764205
1375.0,0.06773065366238117,2.049206236427639
1380.0,0.06797694694842618,2.051725963737273
1385.0,0.06822324023447121,2.054752397646997
1390.0,0.06846953352051623,2.057345830824585
1395.0,0.06871582680656126,2.0603644169004856
1400.0,0.06896212009260627,2.0631530898118084
1405.0,0.0692084133786513,2.0658235200618296
1410.0,0.06945470666469632,2.0680969331708288
1415.0,0.06970099995074135,2.07056884439154
1420.0,0.06994729323678636,2.073280889136639
1425.0,0.07019358652283139,2.075545574566441
1430.0,0.07043987980887641,2.0779424008166423
1435.0,0.07068617309492144,2.0807296636264856
1440.0,0.07093246638096645,2.0837673318829726
1445.0,0.07117875966701148,2.0865569522517236
1450.0,0.0714250529530565,2.0896524654026996
1455.0,0.07167134623910153,2.092754829672514
1460.0,0.07191763952514654,2.0959166422337296
1465.0,0.07216393281119157,2.0986080421213402
1470.0,0.07241022609723659,2.1016147221034216
1475.0,0.07265651938328162,2.104224652404623
1480.0,0.07290281266932663,2.1072420958546045
1485.0,0.07314910595537166,2.10990340517025
1490.0,0.07339539924141668,2.113350249268672
1495.0,0.07364169252746171,2.116267933795561
1500.0,0.07388798581350672,2.1187507389291347
1505.0,0.07413427909955175,2.121399698375331
1510.0,0.07438057238559677,2.12394114174812
1515.0,0.07462686567164178,2.1267467400262072
1520.0,0.07487315895768681,2.129070550314791
1525.0,0.07511945224373183,2.1320210671195152
1530.0,0.07536574552977686,2.135401378023764
1535.0,0.07561203881582187,2.137981997522375
1540.0,0.0758583321018669,2.1411301941433765
1545.0,0.07610462538791192,2.1441793155274795
1550.0,0.07635091867395695,2.1468625361483173
1555.0,0.07659721196000197,2.1497062909797626
1560.0,0.076843505246047,2.1523208414584354
1565.0,0.07708979853209201,2.155116964837216
1570.0,0.07733609181813704,2.1585251921813207
1575.0,0.07758238510418206,2.1615679841147157
1580.0,0.07782867839022709,2.1640763667735965
1585.0,0.0780749716762721,2.1667893406566674
1590.0,0.07832126496231713,2.1694781914795653
1595.0,0.07856755824836215,2.1721872587257383
1600.0,0.07881385153440718,2.174748408140489
1605.0,0.07906014482045219,2.1775332351514836
1610.0,0.07930643810649722,2.1806810812044235
1615.0,0.07955273139254224,2.1835173867032682
1620.0,0.07979902467858727,2.186650292392665
1625.0,0.08004531796463228,2.18935624508562
1630.0,0.08029161125067731,2.192011953499176
1635.0,0.08053790453672233,2.195016858373042
1640.0,0.08078419782276736,2.1978394373895407
1645.0,0.08103049110881237,2.2009284168690866
1650.0,0.0812767843948574,2.2038993888990737
1655.0,0.08152307768090242,2.2066731532324075
1660.0,0.08176937096694745,2.209696288612406
1665.0,0.08201566425299246,2.2127930313842006
1670.0,0.08226195753903749,2.2159941560586733
1675.0,0.08250825082508251,2.2190455957118367
1680.0,0.08275454411112754,2.2221609724917446
1685.0,0.08300083739717255,2.2253957120746977
1690.0,0.08324713068321758,2.228980802733402
1695.0,0.0834934239692626,2.231988731458021
1700.0,0.08373971725530761,2.235514044128487
1705.0,0.08398601054135264,2.2390603114036747
1710.0,0.08423230382739766,2.2420077290240803
1715.0,0.08447859711344269,2.244606905177996
1720.0,0.0847248903994877,2.2478220882672555
1725.0,0.08497118368553273,2.251128316536643
1730.0,0.08521747697157775,2.254142901752369
1735.0,0.08546377025762278,2.2570752279662067
1740.0,0.0857100635436678,2.260102470501075
1745.0,0.08595635682971282,2.263265595011112
1750.0,0.08620265011575784,2.2664420124612445
1755.0,0.08644894340180287,2.2693484337175076
1760.0,0.08669523668784788,2.272043374842
1765.0,0.08694152997389291,2.2750193880351
1770.0,0.08718782325993793,2.278496998733363
1775.0,0.08743411654598296,2.2818851138654552
1780.0,0.08768040983202798,2.285221204720131
1785.0,0.087926703118073,2.2880340897103735
1790.0,0.08817299640411802,2.2913845355821882
1795.0,0.08841928969016305,2.294305327929585
1800.0,0.08866558297620807,2.2972384213733847
1805.0,0.0889118762622531,2.301519789357758
1810.0,0.08915816954829811,2.304786549682249
1815.0,0.08940446283434314,2.307671963585696
1820.0,0.08965075612038816,2.311256433862913
1825.0,0.08989704940643319,2.314315983930249
1830.0,0.0901433426924782,2.3175265760453505
1835.0,0.09038963597852323,2.320652214112509
1840.0,0.09063592926456825,2.3242335546153003
1845.0,0.09088222255061328,2.3275922142994196
1850.0,0.09112851583665829,2.3310597447200037
1855.0,0.09137480912270332,2.3340028009675238
1860.0,0.09162110240874834,2.337391745456453
1865.0,0.09186739569479337,2.340828037743076
1870.0,0.09211368898083838,2.344261586703836
1875.0,0.09235998226688341,2.3474969704327324
1880.0,0.09260627555292843,2.3504728125773617
1885.0,0.09285256883897344,2.353649219180394
1890.0,0.09309886212501847,2.357167659439528
1895.0,0.09334515541106349,2.361367907827244
1900.0,0.09359144869710852,2.364556537043247
1905.0,0.09383774198315353,2.3681887303575624
1910.0,0.09408403526919856,2.3720804035216143
1915.0,0.09433032855524358,2.374842029754897
1920.0,0.09457662184128861,2.378191672711768
1925.0,0.09482291512733362,2.3814492386203305
1930.0,0.09506920841337865,2.3849020054432843
1935.0,0.09531550169942367,2.3884282146726648
1940.0,0.0955617949854687,2.3917874347058876
1945.0,0.09580808827151371,2.3960368436209833
1950.0,0.09605438155755874,2.39970033895466
1955.0,0.09630067484360376,2.4036913060590894
1960.0,0.09654696812964879,2.4071905214064806
1965.0,0.0967932614156938,2.4113886058958793
1970.0,0.09703955470173883,2.414598135513242
1975.0,0.09728584798778385,2.4183683665820492
1980.0,0.09753214127382888,2.4220824025737206
1985.0,0.0977784345598739,2.4255102406299383
1990.0,0.09802472784591892,2.429007252274187
1995.0,0.09827102113196394,2.431869449151229
2000.0,0.09851731441800897,2.4363167370712495
2005.0,0.09876360770405399,2.4402128204523987
2010.0,0.09900990099009901,2.444057361248002
2015.0,0.09925619427614403,2.4474702875920364
2020.0,0.09950248756218906,2.451444306969181
2025.0,0.09974878084823408,2.454843868632649
2030.0,0.0999950741342791,2.4582571793593626
2035.0,0.10024136742032412,2.4617445763157195
2040.0,0.10048766070636915,2.465679645171414
2045.0,0.10073395399241417,2.470313454288666
2050.0,0.1009802472784592,2.473731757175458
2055.0,0.10122654056450421,2.477437042032317
2060.0,0.10147283385054924,2.481638273160535
2065.0,0.10171912713659426,2.4853446871254534
2070.0,0.10196542042263929,2.4892539161203966
2075.0,0.1022117137086843,2.493256904522457
2080.0,0.10245800699472932,2.496828265482487
2085.0,0.10270430028077435,2.500995354301091
2090.0,0.10295059356681936,2.5044798347425923
2095.0,0.10319688685286439,2.5079654311478468
2100.0,0.10344318013890941,2.5122988413962655
2105.0,0.10368947342495444,2.5165100353284644
2110.0,0.10393576671099945,2.520415308090376
2115.0,0.10418205999704448,2.5240751350519655
2120.0,0.1044283532830895,2.527415490571573
2125.0,0.10467464656913453,2.5314695298410377
2130.0,0.10492093985517954,2.535970005907309
2135.0,0.10516723314122457,2.539529540983277
2140.0,0.10541352642726959,2.543976855167906
2145.0,0.10565981971331462,2.5475765769952026
2150.0,0.10590611299935963,2.5515389267374053
2155.0,0.10615240628540466,2.5551039621800684
2160.0,0.10639869957144968,2.558643264008292
2165.0,0.10664499285749471,2.5627163182769332
2170.0,0.10689128614353972,2.566831350363016
2175.0,0.10713757942958475,2.570800066090276
2180.0,0.10738387271562977,2.5747403981533727
2185.0,0.1076301660016748,2.5794694273710044
2190.0,0.10787645928771981,2.5833060699431725
2195.0,0.10812275257376484,2.5869062522976494
2200.0,0.10836904585980986,2.590974120784574
2205.0,0.10861533914585489,2.596001969835006
2210.0,0.1088616324318999,2.6006671336114096
2215.0,0.10910792571794493,2.6048483488946608
2220.0,0.10935421900398995,2.608999485994241
2225.0,0.10960051229003498,2.613224119989447
2230.0,0.10984680557608,2.617600218161662
2235.0,0.11009309886212502,2.6218590593802453
2240.0,0.11033939214817004,2.6263155424685585
2245.0,0.11058568543421507,2.6310666826846476
2250.0,0.11083197872026009,2.6351916894946616
2255.0,0.11107827200630511,2.638369862293687
2260.0,0.11132456529235013,2.642266486778078
2265.0,0.11157085857839515,2.646415542973451
2270.0,0.11181715186444018,2.649979076415867
2275.0,0.11206344515048519,2.653578111564408
2280.0,0.11230973843653022,2.657322221078424
2285.0,0.11255603172257524,2.6611422059602763
2290.0,0.11280232500862027,2.6653183153684705
2295.0,0.11304861829466528,2.669917134981351
2300.0,0.11329491158071031,2.674367723508059
2305.0,0.11354120486675533,2.6786359552952015
2310.0,0.11378749815280036,2.6838501694913575
2315.0,0.11403379143884537,2.687563703296563
2320.0,0.1142800847248904,2.692486143335507
2325.0,0.11452637801093542,2.697254110306322
2330.0,0.11477267129698045,2.701620086386357
2335.0,0.11501896458302546,2.705487389205168
2340.0,0.11526525786907049,2.71002845030923
2345.0,0.11551155115511551,2.7154259765665683
2350.0,0.11575784444116054,2.7204212572013806
2355.0,0.11600413772720555,2.7238901269305917
2360.0,0.11625043101325058,2.7284102874800613
2365.0,0.1164967242992956,2.732770427809726
2370.0,0.11674301758534063,2.73716341378476
2375.0,0.11698931087138564,2.7421314685512654
2380.0,0.11723560415743067,2.7468281355694986
2385.0,0.11748189744347569,2.75084599649088
2390.0,0.11772819072952072,2.7558442375268988
2395.0,0.11797448401556573,2.7606637032113834
2400.0,0.11822077730161076,2.7653789576452503
2405.0,0.11846707058765578,2.7702641084671424
2410.0,0.11871336387370081,2.7744407877931985
2415.0,0.11895965715974582,2.7786917054859015
2420.0,0.11920595044579085,2.7839601093881745
2425.0,0.11945224373183587,2.7881629427640076
2430.0,0.1196985370178809,2.792877390056081
2435.0,0.11994483030392591,2.7980652843114378
2440.0,0.12019112358997094,2.8027759162105914
2445.0,0.12043741687601596,2.8071734099995687
2450.0,0.12068371016206098,2.8115156275563113
2455.0,0.120930003448106,2.8156458419963215
2460.0,0.12117629673415102,2.8217038693704057
2465.0,0.12142259002019605,2.825616712899996
2470.0,0.12166888330624107,2.8307051782303967
2475.0,0.1219151765922861,2.8365446060180686
2480.0,0.12216146987833111,2.8422771202713
2485.0,0.12240776316437614,2.846993850091681
2490.0,0.12265405645042116,2.851434689435963
2495.0,0.12290034973646619,2.857049425236847
2500.0,0.1231466430225112,2.8620091770537783
2505.0,0.12339293630855623,2.8673399767420706
2510.0,0.12363922959460125,2.870602308132419
2515.0,0.12388552288064628,2.8755930970828696
2520.0,0.12413181616669129,2.879869347535694
2525.0,0.12437810945273632,2.883875760669088
2530.0,0.12462440273878134,2.8895204373288164
2535.0,0.12487069602482637,2.8954130102214246
2540.0,0.1251169893108714,2.900279795740036
2545.0,0.1253632825969164,2.9049868351758805
2550.0,0.12560957588296143,2.910711024053181
2555.0,0.12585586916900646,2.916402767202473
2560.0,0.1261021624550515,2.9223675987385853
2565.0,0.1263484557410965,2.927235919183422
2570.0,0.12659474902714152,2.932640699037297
2575.0,0.12684104231318655,2.9377541564196927
2580.0,0.12708733559923158,2.94370215130528
2585.0,0.12733362888527658,2.948685482323062
2590.0,0.1275799221713216,2.9534599770882144
2595.0,0.12782621545736664,2.9579599809224697
2600.0,0.12807250874341167,2.9638413923928386
2605.0,0.12831880202945667,2.9686069124819006
2610.0,0.1285650953155017,2.9742731704568355
2615.0,0.12881138860154673,2.9788389480570197
2620.0,0.12905768188759176,2.983923730990369
2625.0,0.12930397517363676,2.9897764219711203
2630.0,0.1295502684596818,2.9953585403206215
2635.0,0.12979656174572682,3.0004764077706585
2640.0,0.13004285503177182,3.0072090327433463
2645.0,0.13028914831781685,3.013936894466939
2650.0,0.13053544160386188,3.0197163337060737
2655.0,0.1307817348899069,3.0249246428119454
2660.0,0.1310280281759519,3.029751974841084
2665.0,0.13127432146199694,3.0354956500920367
2670.0,0.13152061474804197,3.040162902263737
2675.0,0.131766908034087,3.045186747084553
2680.0,0.132013201320132,3.051193404898565
2685.0,0.13225949460617703,3.0564002065780778
2690.0,0.13250578789222206,3.0616985121845515
2695.0,0.1327520811782671,3.066806017734405
2700.0,0.1329983744643121,3.072608322265003
2705.0,0.13324466775035712,3.077120279477419
2710.0,0.13349096103640215,3.082381886665696
2715.0,0.13373725432244718,3.0879626082907508
2720.0,0.13398354760849218,3.0923283231437004
2725.0,0.1342298408945372,3.0992510858143643
2730.0,0.13447613418058224,3.107226016471301
2735.0,0.13472242746662727,3.1126559833067056
2740.0,0.13496872075267227,3.118446898726941
2745.0,0.1352150140387173,3.1240834209433666
2750.0,0.13546130732476233,3.1305026997316476
2755.0,0.13570760061080736,3.137171998184076
2760.0,0.13595389389685236,3.143231953290213
2765.0,0.1362001871828974,3.1484794708639643
2770.0,0.13644648046894242,3.1549843804594055
2775.0,0.13669277375498745,3.160414943189736
2780.0,0.13693906704103245,3.168238356850758
2785.0,0.13718536032707748,3.1734867777406026
2790.0,0.1374316536131225,3.178788418373611
2795.0,0.13767794689916754,3.184914718006356
2800.0,0.13792424018521254,3.1908782717632937
2805.0,0.13817053347125757,3.19734650567907
2810.0,0.1384168267573026,3.202783525138927
2815.0,0.13866312004334763,3.2082769320581104
2820.0,0.13890941332939263,3.214273322058625
2825.0,0.13915570661543766,3.221119965583386
2830.0,0.1394019999014827,3.227397163086788
2835.0,0.1396482931875277,3.233510491176607
2840.0,0.13989458647357272,3.239393337208568
2845.0,0.14014087975961775,3.2458277999868783
2850.0,0.14038717304566278,3.2519765442675648
2855.0,0.14063346633170778,3.2564037563295143
2860.0,0.14087975961775281,3.261711302610484
2865.0,0.14112605290379784,3.269741231363188
2870.0,0.14137234618984287,3.2762710740155785
2875.0,0.14161863947588788,3.282795652523113
2880.0,0.1418649327619329,3.288946235047189
2885.0,0.14211122604797793,3.2936093114071436
2890.0,0.14235751933402296,3.2998550384679275
2895.0,0.14260381262006797,3.308099501983494
2900.0,0.142850105906113,3.313645662910245
2905.0,0.14309639919215802,3.3191779463794777
2910.0,0.14334269247820305,3.3259030075355303
2915.0,0.14358898576424806,3.3337959855516646
2920.0,0.14383527905029309,3.339830033862479
2925.0,0.14408157233633812,3.345624947220455
2930.0,0.14432786562238314,3.3511437572081424
2935.0,0.14457415890842815,3.3563494110765255
2940.0,0.14482045219447318,3.3630913361737944
2945.0,0.1450667454805182,3.3682245417591252
2950.0,0.14531303876656324,3.3732296752652946
2955.0,0.14555933205260824,3.381776143024724
2960.0,0.14580562533865327,3.3869143034850984
2965.0,0.1460519186246983,3.3949363202061047
2970.0,0.14629821191074333,3.401740147412643
2975.0,0.14654450519678833,3.409342600028495
2980.0,0.14679079848283336,3.4159113699494887
2985.0,0.1470370917688784,3.4218573654206312
2990.0,0.14728338505492342,3.4276766460767614
2995.0,0.14752967834096842,3.434490724191517
3000.0,0.14777597162701345,3.4419908510627093
3005.0,0.14802226491305848,3.451385546437156
3010.0,0.1482685581991035,3.460992707896035
3015.0,0.1485148514851485,3.466737205170021
3020.0,0.14876114477119354,3.477061920462561
3025.0,0.14900743805723857,3.4827169652812158
3030.0,0.14925373134328357,3.4901400965327127
3035.0,0.1495000246293286,3.498645080863703
3040.0,0.14974631791537363,3.5043152766587142
3045.0,0.14999261120141866,3.511224892689396
3050.0,0.15023890448746366,3.5178751101835375
3055.0,0.1504851977735087,3.527043869151225
3060.0,0.15073149105955372,3.5337506297845227
3065.0,0.15097778434559875,3.5436857814020972
3070.0,0.15122407763164375,3.551783518731755
3075.0,0.15147037091768878,3.5615345274904007
3080.0,0.1517166642037338,3.5678373847267597
3085.0,0.15196295748977884,3.575270649519052
3090.0,0.15220925077582384,3.5825268841115294
3095.0,0.15245554406186887,3.589048070031245
3100.0,0.1527018373479139,3.5954029766470157
3105.0,0.15294813063395893,3.6017283361864956
3110.0,0.15319442392000393,3.6091975091435256
3115.0,0.15344071720604896,3.6170288259800767
3120.0,0.153687010492094,3.6244492108856585
3125.0,0.15393330377813902,3.6316900754055754
3130.0,0.15417959706418402,3.638605875022263
3135.0,0.15442589035022905,3.6450157119328535
3140.0,0.15467218363627408,3.654621771978535
3145.0,0.1549184769223191,3.661716644580352
3150.0,0.1551647702083641,3.6698345364645815
3155.0,0.15541106349440914,3.6769652364703926
3160.0,0.15565735678045417,3.687383815407597
3165.0,0.1559036500664992,3.6942391869371
3170.0,0.1561499433525442,3.7009462415778245
3175.0,0.15639623663858923,3.7069408538831663
3180.0,0.15664252992463426,3.7159865344205176
3185.0,0.1568888232106793,3.7246403149933505
3190.0,0.1571351164967243,3.7321778351249937
3195.0,0.15738140978276932,3.738961292516054
3200.0,0.15762770306881435,3.746309317244701
3205.0,0.15787399635485935,3.7514494360561303
3210.0,0.15812028964090438,3.7584037915328046
3215.0,0.1583665829269494,3.7677412451818437
3220.0,0.15861287621299444,3.7749664227500803
3225.0,0.15885916949903944,3.782430183491967
3230.0,0.15910546278508447,3.7916844185116654
3235.0,0.1593517560711295,3.800078532692504
3240.0,0.15959804935717453,3.807108606800691
3245.0,0.15984434264321953,3.81611957942122
3250.0,0.16009063592926456,3.8248086344182073
3255.0,0.1603369292153096,3.8330440577298184
3260.0,0.16058322250135462,3.8419914387046012
3265.0,0.16082951578739962,3.8502800391913197
3270.0,0.16107580907344465,3.858557089830419
3275.0,0.16132210235948968,3.8664364315432462
3280.0,0.1615683956455347,3.876549822041161
3285.0,0.16181468893157971,3.8849487375131604
3290.0,0.16206098221762474,3.8933389605984163
3295.0,0.16230727550366977,3.903654650654854
3300.0,0.1625535687897148,3.913318347845952
3305.0,0.1627998620757598,3.920601207776041
3310.0,0.16304615536180483,3.9298486942668873
3315.0,0.16329244864784986,3.938091116370288
3320.0,0.1635387419338949,3.9448664423945763
3325.0,0.1637850352199399,3.9547036582896062
3330.0,0.16403132850598492,3.965334359279748
3335.0,0.16427762179202995,3.9742422991248256
3340.0,0.16452391507807498,3.9816153368182134
3345.0,0.16477020836411999,3.9897106819249455
3350.0,0.16501650165016502,3.9974755758971123
3355.0,0.16526279493621004,4.006792470402762
3360.0,0.16550908822225507,4.015329523643799
3365.0,0.16575538150830008,4.025488143119605
3370.0,0.1660016747943451,4.034686890179491
3375.0,0.16624796808039013,4.044148962619884
3380.0,0.16649426136643516,4.054928592087284
3385.0,0.16674055465248017,4.062348612696294
3390.0,0.1669868479385252,4.070301911590877
3395.0,0.16723314122457023,4.082599635579312
3400.0,0.16747943451061523,4.092587455196953
3405.0,0.16772572779666026,4.101627862594847
3410.0,0.1679720210827053,4.110515289822253
3415.0,0.16821831436875032,4.120708731454146
3420.0,0.16846460765479532,4.130497393729076
3425.0,0.16871090094084035,4.1390499821764095
3430.0,0.16895719422688538,4.1479611469770195
3435.0,0.1692034875129304,4.156075965239884
3440.0,0.1694497807989754,4.163433714851729
3445.0,0.16969607408502044,4.174940040216632
3450.0,0.16994236737106547,4.18777302112059
3455.0,0.1701886606571105,4.19393286912136
3460.0,0.1704349539431555,4.202103835046073
3465.0,0.17068124722920053,4.210492340203525
3470.0,0.17092754051524556,4.219260974937752
3475.0,0.1711738338012906,4.228082072478343
3480.0,0.1714201270873356,4.238954809555467
3485.0,0.17166642037338062,4.248118311741495
3490.0,0.17191271365942565,4.259009168396256
3495.0,0.17215900694547068,4.269868500702252
3500.0,0.17240530023151568,4.280397456690889
3505.0,0.1726515935175607,4.29218167772453
3510.0,0.17289788680360574,4.302916454555528
3515.0,0.17314418008965077,4.3150401627888035
3520.0,0.17339047337569577,4.33005026333359
3525.0,0.1736367666617408,4.340715483458292
3530.0,0.17388305994778583,4.353895106737655
3535.0,0.17412935323383086,4.363015400278818
3540.0,0.17437564651987586,4.3699941902828074
3545.0,0.1746219398059209,4.379899369128412
3550.0,0.17486823309196592,4.391955500747669
3555.0,0.17511452637801095,4.402407442313309
3560.0,0.17536081966405595,4.411380720283858
3565.0,0.17560711295010098,4.424972014765568
3570.0,0.175853406236146,4.434968839141861
3575.0,0.17609969952219104,4.444432332965412
3580.0,0.17634599280823604,4.4560816497327105
3585.0,0.17659228609428107,4.4677969240477555
3590.0,0.1768385793803261,4.477518490334368
3595.0,0.1770848726663711,4.492251707024754
3600.0,0.17733116595241613,4.503863939864564
3605.0,0.17757745923846116,4.515027459285446
3610.0,0.1778237525245062,4.52594417594571
3615.0,0.1780700458105512,4.53301124752968
3620.0,0.17831633909659622,4.542080354946971
3625.0,0.17856263238264125,4.551595470379532
3630.0,0.17880892566868628,4.565754845628269
3635.0,0.17905521895473128,4.583095417954275
3640.0,0.1793015122407763,4.59696416354365
3645.0,0.17954780552682134,4.608735040290707
3650.0,0.17979409881286637,4.617802559810216
3655.0,0.18004039209891137,4.6285110462380405
3660.0,0.1802866853849564,4.646029283036409
3665.0,0.18053297867100143,4.662207362854735
3670.0,0.18077927195704646,4.674254134560742
3675.0,0.18102556524309146,4.684197210129749
3680.0,0.1812718585291365,4.6936730432018745
3685.0,0.18151815181518152,4.7049267615471075
3690.0,0.18176444510122655,4.717005728351111
3695.0,0.18201073838727155,4.728428477596941
3700.0,0.18225703167331658,4.737517085857538
3705.0,0.1825033249593616,4.74531536409352
3710.0,0.18274961824540664,4.7561492881462115
3715.0,0.18299591153145164,4.76756337948571
3720.0,0.18324220481749667,4.77929429895732
3725.0,0.1834884981035417,4.792588284137189
3730.0,0.18373479138958673,4.808305654155518
3735.0,0.18398108467563173,4.824960482163779
3740.0,0.18422737796167676,4.835255761613071
3745.0,0.1844736712477218,4.8497158129666085
3750.0,0.18471996453376682,4.864129408457874
3755.0,0.18496625781981182,4.878671156190525
3760.0,0.18521255110585685,4.89015915824199
3765.0,0.18545884439190188,4.90101405077822
3770.0,0.18570513767794689,4.919254370914207
3775.0,0.18595143096399191,4.930208500379761
3780.0,0.18619772425003694,4.942938180217598
3785.0,0.18644401753608197,4.959236561525578
3790.0,0.18669031082212698,4.967978204544334
3795.0,0.186936604108172,4.980215911646644
3800.0,0.18718289739421703,4.999660591154164
3805.0,0.18742919068026206,5.009929463036219
3810.0,0.18767548396630707,5.026314638524647
3815.0,0.1879217772523521,5.0390601910822586
3820.0,0.18816807053839713,5.048543419099
3825.0,0.18841436382444215,5.056578444290583
3830.0,0.18866065711048716,5.0699639349357914
3835.0,0.18890695039653219,5.087796270903592
3840.0,0.18915324368257722,5.100177712076253
3845.0,0.18939953696862225,5.114704968788504
3850.0,0.18964583025466725,5.1261694762045416
3855.0,0.18989212354071228,5.140050413937029
3860.0,0.1901384168267573,5.151429007908299
3865.0,0.19038471011280234,5.162490000178892
3870.0,0.19063100339884734,5.173773826076633
3875.0,0.19087729668489237,5.190674432946214
3880.0,0.1911235899709374,5.200987598040931
3885.0,0.19136988325698243,5.214306213759022
3890.0,0.19161617654302743,5.2288216315309715
3895.0,0.19186246982907246,5.241059510991469
3900.0,0.1921087631151175,5.2521066783321215
3905.0,0.19235505640116252,5.266519726338541
3910.0,0.19260134968720752,5.282826559975084
3915.0,0.19284764297325255,5.30286919870306
3920.0,0.19309393625929758,5.314956515096583
3925.0,0.1933402295453426,5.33116069597171
3930.0,0.1935865228313876,5.342865920842621
3935.0,0.19383281611743264,5.354373579354526
3940.0,0.19407910940347767,5.366478655955781
3945.0,0.1943254026895227,5.3832112882683045
3950.0,0.1945716959755677,5.4039745115288
3955.0,0.19481798926161273,5.421350974860391
3960.0,0.19506428254765776,5.4313700642343266
3965.0,0.19531057583370276,5.452043445951772
3970.0,0.1955568691197478,5.4614003268320515
3975.0,0.19580316240579282,5.476546018625599
3980.0,0.19604945569183785,5.496189201394867
3985.0,0.19629574897788285,5.511449291043705
3990.0,0.19654204226392788,5.525917910948946
3995.0,0.1967883355499729,5.545821732839472
4000.0,0.19703462883601794,5.563227301741324
4005.0,0.19728092212206294,5.5764997851720635
4010.0,0.19752721540810797,5.596122561566797
4015.0,0.197773508694153,5.615949480121711
4020.0,0.19801980198019803,5.647176990366279
4025.0,0.19826609526624303,5.661205035423528
4030.0,0.19851238855228806,5.675750458250761
4035.0,0.1987586818383331,5.689362873326444
4040.0,0.19900497512437812,5.701366419662757
4045.0,0.19925126841042312,5.713364649712585
4050.0,0.19949756169646815,5.733818240439712
4055.0,0.19974385498251318,5.745830754147492
4060.0,0.1999901482685582,5.766204332849012
4065.0,0.2002364415546032,5.785547209134003
4070.0,0.20048273484064824,5.799909344473234
4075.0,0.20072902812669327,5.815436286690973
4080.0,0.2009753214127383,5.834968897805446
4085.0,0.2012216146987833,5.846655274265048
4090.0,0.20146790798482833,5.864921142885575
4095.0,0.20171420127087336,5.884957426644003
4100.0,0.2019604945569184,5.907142617912593
4105.0,0.2022067878429634,5.921456410050406
4110.0,0.20245308112900842,5.937088635912046
4115.0,0.20269937441505345,5.949167360408057
4120.0,0.20294566770109848,5.970306038961072
4125.0,0.20319196098714348,5.983193658319074
4130.0,0.2034382542731885,5.999507054373087
4135.0,0.20368454755923354,6.022138235672907
4140.0,0.20393084084527857,6.043489989792004
4145.0,0.20417713413132357,6.05919477485527
4150.0,0.2044234274173686,6.084967711252833
4155.0,0.20466972070341363,6.107889609151538
4160.0,0.20491601398945863,6.1304877800895605
4165.0,0.20516230727550366,6.14521407940436
4170.0,0.2054086005615487,6.170570047210882
4175.0,0.20565489384759372,6.203373288165961
4180.0,0.20590118713363872,6.222590504626656
4185.0,0.20614748041968375,6.244895389268051
4190.0,0.20639377370572878,6.262853980340859
4195.0,0.2066400669917738,6.277729671374907
4200.0,0.20688636027781881,6.300724139919771
4205.0,0.20713265356386384,6.330356090260805
4210.0,0.20737894684990887,6.348515209631613
4215.0,0.2076252401359539,6.3653641846527185
4220.0,0.2078715334219989,6.382307590452038
4225.0,0.20811782670804393,6.3945275593392825
4230.0,0.20836411999408896,6.414980519539007
4235.0,0.208610413280134,6.445239921463996
4240.0,0.208856706566179,6.466603715616158
4245.0,0.20910299985222403,6.483155601338307
4250.0,0.20934929313826905,6.508716704258166
4255.0,0.20959558642431408,6.528391574179595
4260.0,0.20984187971035909,6.559305246819633
4265.0,0.21008817299640412,6.579086633330936
4270.0,0.21033446628244915,6.616513463127419
4275.0,0.21058075956849417,6.6421197704371355
4280.0,0.21082705285453918,6.658623942811658
4285.0,0.2110733461405842,6.674023782242568
4290.0,0.21131963942662924,6.6969960196088785
4295.0,0.21156593271267427,6.713516584119389
4300.0,0.21181222599871927,6.738740804636855
4305.0,0.2120585192847643,6.775173512184839
4310.0,0.21230481257080933,6.796953878888996
4315.0,0.21255110585685436,6.8123973087176
4320.0,0.21279739914289936,6.8269218994712455
4325.0,0.2130436924289444,6.850435254639527
4330.0,0.21328998571498942,6.871203443874869
4335.0,0.21353627900103442,6.891052774037184
4340.0,0.21378257228707945,6.9111409764427565
4345.0,0.21402886557312448,6.931127721563133
4350.0,0.2142751588591695,6.953048624120823
4355.0,0.2145214521452145,6.977595341942952
4360.0,0.21476774543125954,7.000801669789884
4365.0,0.21501403871730457,7.03033722062047
4370.0,0.2152603320033496,7.059612884306739
4375.0,0.2155066252893946,7.082990613476933
4380.0,0.21575291857543963,7.109584443713054
4385.0,0.21599921186148466,7.131633419793417
4390.0,0.2162455051475297,7.1601646478798635
4395.0,0.2164917984335747,7.192211006682635
4400.0,0.21673809171961972,7.2503192015863815
4405.0,0.21698438500566475,7.2942856727226255
4410.0,0.21723067829170978,7.318005777161151
4415.0,0.21747697157775478,7.338853238909865
4420.0,0.2177232648637998,7.361930510586247
4425.0,0.21796955814984484,7.385364511929972
4430.0,0.21821585143588987,7.405186464372331
4435.0,0.21846214472193487,7.433725138324142
4440.0,0.2187084380079799,7.485519954269951
4445.0,0.21895473129402493,7.508001459691519
4450.0,0.21920102458006996,7.527971444540028
4455.0,0.21944731786611496,7.556792510337461
4460.0,0.21969361115216,7.572624714150865
4465.0,0.21993990443820502,7.599010493201443
4470.0,0.22018619772425005,7.623659716528953
4475.0,0.22043249101029505,7.646002783151134
4480.0,0.22067878429634008,7.691431982216248
4485.0,0.2209250775823851,7.720331411748419
4490.0,0.22117137086843014,7.760897091556171
4495.0,0.22141766415447514,7.791999258670027
4500.0,0.22166395744052017,7.858949705625311
4505.0,0.2219102507265652,7.890176033427269
4510.0,0.22215654401261023,7.935635795679377
4515.0,0.22240283729865523,7.957774195069953
4520.0,0.22264913058470026,7.983611676374657
4525.0,0.2228954238707453,8.01463955087714
4530.0,0.2231417171567903,8.04900130694977
4535.0,0.22338801044283532,8.07480402586475
4540.0,0.22363430372888035,8.097984436509055
4545.0,0.22388059701492538,8.132756682841379
4550.0,0.22412689030097038,8.153180858147241
4555.0,0.2243731835870154,8.18709643460118
4560.0,0.22461947687306044,8.21656190730355
4565.0,0.22486577015910547,8.239460939372982
4570.0,0.22511206344515047,8.285582643534562
4575.0,0.2253583567311955,8.308522882567113
4580.0,0.22560465001724053,8.335996643855676
4585.0,0.22585094330328556,8.369221495877158
4590.0,0.22609723658933056,8.40493848986427
4595.0,0.2263435298753756,8.446173903100007
4600.0,0.22658982316142062,8.485112353900394
4605.0,0.22683611644746565,8.527003482651489
4610.0,0.22708240973351065,8.566467999380835
4615.0,0.22732870301955568,8.589152927943106
4620.0,0.2275749963056007,8.63671376624648
4625.0,0.22782128959164574,8.687496303185174
4630.0,0.22806758287769074,8.726678795311058
4635.0,0.22831387616373577,8.759623980772822
4640.0,0.2285601694497808,8.79903643402256
4645.0,0.22880646273582583,8.832080444332025
4650.0,0.22905275602187083,8.852629824899353
4655.0,0.22929904930791586,8.903722016696753
4660.0,0.2295453425939609,8.953839229688933
4665.0,0.22979163588000592,8.995665330436665
4670.0,0.23003792916605093,9.040216338846184
4675.0,0.23028422245209595,9.067225109512966
4680.0,0.23053051573814098,9.10850891072464
4685.0,0.230776809024186,9.140412566915415
4690.0,0.23102310231023102,9.183469040067012
4695.0,0.23126939559627605,9.228797310618916
4700.0,0.23151568888232107,9.271179312965499
4705.0,0.2317619821683661,9.301385331191751
4710.0,0.2320082754544111,9.361287376928383
4715.0,0.23225456874045614,9.387838556883038
4720.0,0.23250086202650116,9.435493774024453
4725.0,0.23274715531254617,9.47329295618056
4730.0,0.2329934485985912,9.517074571547926
4735.0,0.23323974188463623,9.55286716573497
4740.0,0.23348603517068126,9.59783837816875
4745.0,0.23373232845672626,9.641651997034023
4750.0,0.2339786217427713,9.6986468889852
4755.0,0.23422491502881632,9.760500061767681
4760.0,0.23447120831486135,9.792500618587688
4765.0,0.23471750160090635,9.836989325980097
4770.0,0.23496379488695138,9.894812204877875
4775.0,0.2352100881729964,9.931466734720384
4780.0,0.23545638145904144,9.968175274653783
4785.0,0.23570267474508644,10.007032869672924
4790.0,0.23594896803113147,10.042553822143647
4795.0,0.2361952613171765,10.114671358788863
4800.0,0.23644155460322153,10.172075366899277
4805.0,0.23668784788926653,10.277019618609932
4810.0,0.23693414117531156,10.330052287780768
4815.0,0.2371804344613566,10.370534022598227
4820.0,0.23742672774740162,10.424042599881775
4825.0,0.23767302103344662,10.47582718978271
4830.0,0.23791931431949165,10.57014536537395
4835.0,0.23816560760553668,10.650626184396598
4840.0,0.2384119008915817,10.707853362426588
4845.0,0.2386581941776267,10.75928119320326
4850.0,0.23890448746367174,10.810237624099479
4855.0,0.23915078074971677,10.898470919296981
4860.0,0.2393970740357618,10.945109737236674
4865.0,0.2396433673218068,11.022679381480739
4870.0,0.23988966060785183,11.078442473463534
4875.0,0.24013595389389686,11.129339583783473
4880.0,0.2403822471799419,11.21178294845557
4885.0,0.2406285404659869,11.288548049698015
4890.0,0.24087483375203192,11.31809763012655
4895.0,0.24112112703807695,11.403826454665346
4900.0,0.24136742032412195,11.475644635738831
4905.0,0.24161371361016698,11.515559775361226
4910.0,0.241860006896212,11.582413299005072
4915.0,0.24210630018225704,11.65007030951526
4920.0,0.24235259346830204,11.713673841988467
4925.0,0.24259888675434707,11.765610902063314
4930.0,0.2428451800403921,11.787981267569213
4935.0,0.24309147332643713,11.897782874489073
4940.0,0.24333776661248213,11.942443132438507
4945.0,0.24358405989852716,11.983789578295651
4950.0,0.2438303531845722,12.057562274311216
4955.0,0.24407664647061722,12.109355433674576
4960.0,0.24432293975666222,12.158687340432023
4965.0,0.24456923304270725,12.243196564650532
4970.0,0.24481552632875228,12.286621123899053
4975.0,0.2450618196147973,12.331296338328217
4980.0,0.2453081129008423,12.387925516100921
4985.0,0.24555440618688734,12.43753628327615
4990.0,0.24580069947293237,12.521756850157212
4995.0,0.2460469927589774,12.588776723736016
5000.0,0.2462932860450224,12.653268343197386
5005.0,0.24653957933106743,12.740407822327773
5010.0,0.24678587261711246,12.82036970825038
5015.0,0.2470321659031575,12.86188647730851
5020.0,0.2472784591892025,12.95535183958084
5025.0,0.24752475247524752,13.027981409085008
5030.0,0.24777104576129255,13.09511194772004
5035.0,0.24801733904733758,13.175479382856851
5040.0,0.24826363233338258,13.226382463847132
5045.0,0.2485099256194276,13.282371298297283
5050.0,0.24875621890547264,13.354917306021468
5055.0,0.24900251219151767,13.43649355054089
5060.0,0.24924880547756267,13.512117639136635
5065.0,0.2494950987636077,13.612073577024418
5070.0,0.24974139204965273,13.711857870048487
5075.0,0.24998768533569776,13.752709723487765
5080.0,0.2502339786217428,13.821803238615434
5085.0,0.25048027190778777,13.900112255170045
5090.0,0.2507265651938328,13.980903245539643
5095.0,0.2509728584798778,14.054498161969555
5100.0,0.25121915176592285,14.093043903069347
5105.0,0.2514654450519679,14.139087534949978
5110.0,0.2517117383380129,14.23408812116538
5115.0,0.25195803162405794,14.341229982346485
5120.0,0.252204324910103,14.387398630329525
5125.0,0.25245061819614795,14.458953591198295
5130.0,0.252696911482193,14.531770079396344
5135.0,0.252943204768238,14.579806759532012
5140.0,0.25318949805428304,14.635477704174267
5145.0,0.25343579134032806,14.6697002785287
5150.0,0.2536820846263731,14.818456239010137
5155.0,0.2539283779124181,14.987402533810744
5160.0,0.25417467119846315,15.130235296569415
5165.0,0.2544209644845081,15.21899924414129
5170.0,0.25466725777055316,15.269407621878644
5175.0,0.2549135510565982,15.359701963482959
5180.0,0.2551598443426432,15.534171128078025
5185.0,0.25540613762868825,15.640010013295255
5190.0,0.2556524309147333,15.723737982396376
5195.0,0.2558987242007783,15.782793133581844
5200.0,0.25614501748682333,16.046642654954173
5205.0,0.2563913107728683,16.121044445375883
5210.0,0.25663760405891334,16.264926164617673
5215.0,0.25688389734495837,16.355983502520267
5220.0,0.2571301906310034,16.477159504433406
5225.0,0.2573764839170484,16.650866909159337
5230.0,0.25762277720309346,16.731010494971912
5235.0,0.2578690704891385,16.79626067189529
5240.0,0.2581153637751835,17.053324985142613
5245.0,0.2583616570612285,17.17060212218877
5250.0,0.2586079503472735,17.36965136854505
5255.0,0.25885424363331855,17.54110734753957
5260.0,0.2591005369193636,17.6163129999076
5265.0,0.2593468302054086,17.81720692538572
5270.0,0.25959312349145364,17.926695930754082
5275.0,0.25983941677749867,17.96795183198354
5280.0,0.26008571006354364,18.08378495224162
5285.0,0.26033200334958867,18.231527744652777
5290.0,0.2605782966356337,18.308299842516675
5295.0,0.26082458992167873,18.516560696793192
5300.0,0.26107088320772376,18.6278639830525
5305.0,0.2613171764937688,18.870055970594986
5310.0,0.2615634697798138,18.91997527879182
5315.0,0.26180976306585885,19.132098525958703
5320.0,0.2620560563519038,19.240458995535114
5325.0,0.26230234963794885,19.318489880370112
5330.0,0.2625486429239939,19.814846733185608
5335.0,0.2627949362100389,19.90675888077662
5340.0,0.26304122949608394,20.051862736213614
5345.0,0.26328752278212897,20.14076887171746
5350.0,0.263533816068174,20.2066760406522
5355.0,0.26378010935421903,20.25492338673723
5360.0,0.264026402640264,20.341355389666177
5365.0,0.26427269592630903,20.57439476187899
5370.0,0.26451898921235406,20.74746705549216
5375.0,0.2647652824983991,20.834592500484938
5380.0,0.2650115757844441,20.97983299515368
5385.0,0.26525786907048915,21.169904979709415
5390.0,0.2655041623565342,21.273738286076107
5395.0,0.2657504556425792,21.467644899487162
5400.0,0.2659967489286242,21.614244948882323
5405.0,0.2662430422146692,22.108178252979155
5410.0,0.26648933550071424,22.330065537514802
5415.0,0.26673562878675927,22.49332794216429
5420.0,0.2669819220728043,22.72649543597349
5425.0,0.26722821535884933,22.889943106490062
5430.0,0.26747450864489436,23.19308944580501
5435.0,0.2677208019309394,23.31333715935476
5440.0,0.26796709521698436,23.472597651006534
5445.0,0.2682133885030294,23.696466310535364
5450.0,0.2684596817890744,23.957978357631593
5455.0,0.26870597507511945,24.417447281633397
5460.0,0.2689522683611645,24.68454921472766
5465.0,0.2691985616472095,24.821778126250884
5470.0,0.26944485493325454,24.931076902316775
5475.0,0.2696911482192995,25.038295048485264
5480.0,0.26993744150534454,25.301576475452134
5485.0,0.2701837347913896,25.459438368589144
5490.0,0.2704300280774346,25.940313247078205
5495.0,0.27067632136347963,26.433959533903117
5500.0,0.27092261464952466,27.001693102391823
5505.0,0.2711689079355697,27.252123701841303
5510.0,0.2714152012216147,27.801661899192478
5515.0,0.2716614945076597,28.012847104997007
5520.0,0.2719077877937047,28.561611362455693
5525.0,0.27215408107974975,28.70301641567758
5530.0,0.2724003743657948,29.039299265853863
5535.0,0.2726466676518398,29.32793604101035
5540.0,0.27289296093788484,29.81065857382916
5545.0,0.2731392542239299,30.13020462134134
5550.0,0.2733855475099749,30.500877830251294
5555.0,0.2736318407960199,31.135911096900024
5560.0,0.2738781340820649,31.511113590935388
5565.0,0.27412442736810994,31.628799076843716
5570.0,0.27437072065415496,31.94823741062295
5575.0,0.2746170139402,32.0596866444606
5580.0,0.274863307226245,32.350797809109345
5585.0,0.27510960051229005,32.50396662374268
5590.0,0.2753558937983351,32.67237935568232
5595.0,0.27560218708438006,32.87210053044717
5600.0,0.2758484803704251,33.05493895013988
5605.0,0.2760947736564701,33.12544251991579
5610.0,0.27634106694251515,33.54925660581075
5615.0,0.2765873602285602,34.02229656158564
5620.0,0.2768336535146052,34.927266936577375
5625.0,0.27707994680065023,35.01403443644202
5630.0,0.27732624008669526,35.38923528794048
5635.0,0.27757253337274024,35.597257687662754
5640.0,0.27781882665878527,35.74387062709451
5645.0,0.2780651199448303,35.81610662306892
5650.0,0.2783114132308753,35.999467535482545
5655.0,0.27855770651692036,36.14265113958247
5660.0,0.2788039998029654,36.79923899488598
5665.0,0.2790502930890104,37.36567674599942
5670.0,0.2792965863750554,38.235867551862924
5675.0,0.2795428796611004,38.63435652835005
5680.0,0.27978917294714545,38.800540102144524
5685.0,0.2800354662331905,38.90689766770995
5690.0,0.2802817595192355,39.40910976318391
5695.0,0.28052805280528054,40.2802967559363
5700.0,0.28077434609132557,40.41220829243765
5705.0,0.2810206393773706,41.387609864226356
5710.0,0.28126693266341557,41.9467034939622
5715.0,0.2815132259494606,42.630705020793435
5720.0,0.28175951923550563,42.71983928811627
5725.0,0.28200581252155066,42.93659421917938
5730.0,0.2822521058075957,43.02378960659775
5735.0,0.2824983990936407,43.22883913268135
5740.0,0.28274469237968575,43.46602665199111
5745.0,0.2829909856657308,44.00435555300598
5750.0,0.28323727895177575,44.14502448789017
5755.0,0.2834835722378208,45.04100750257218
5760.0,0.2837298655238658,45.19019638386803
5765.0,0.28397615880991084,45.42170059826575
5770.0,0.28422245209595587,46.03547620110174
5775.0,0.2844687453820009,46.19770470348009
5780.0,0.2847150386680459,47.02452630298377
5785.0,0.28496133195409096,49.177171174786615
5790.0,0.28520762524013593,49.83531333432294
5795.0,0.28545391852618096,50.19860793905673
5800.0,0.285700211812226,50.62598022681211
5805.0,0.285946505098271,52.10096000342692
5810.0,0.28619279838431605,53.09455905443383
5815.0,0.2864390916703611,53.910862826875096
5820.0,0.2866853849564061,54.2269886069266
5825.0,0.28693167824245114,54.85433994624317
5830.0,0.2871779715284961,57.20891983228629
5835.0,0.28742426481454114,58.55150532729771
5840.0,0.28767055810058617,58.64772409750154
5845.0,0.2879168513866312,58.92081635916509
5850.0,0.28816314467267623,60.69574010997468
5855.0,0.28840943795872126,61.583783841558855
5860.0,0.2886557312447663,63.19344517772113
5865.0,0.28890202453081126,64.01439901057844
5870.0,0.2891483178168563,64.4077585373761
5875.0,0.2893946111029013,65.5284772636617
5880.0,0.28964090438894635,66.27646762825066
5885.0,0.2898871976749914,67.81245183833785
5890.0,0.2901334909610364,69.54596861101541
5895.0,0.29037978424708144,71.40475540874814
5900.0,0.29062607753312647,72.64206104084097
5905.0,0.29087237081917144,76.75849431020707
5910.0,0.2911186641052165,78.64432377338265
5915.0,0.2913649573912615,79.04815014197462
5920.0,0.29161125067730653,80.6638151257246
5925.0,0.29185754396335156,81.69202176137797
5930.0,0.2921038372493966,83.11701309097256
5935.0,0.2923501305354416,86.0237308027957
5940.0,0.29259642382148665,91.49726622638848
5945.0,0.2928427171075316,91.66514390154761
5950.0,0.29308901039357665,94.07794757984458
5955.0,0.2933353036796217,94.6471760542612
5960.0,0.2935815969656667,94.75637215149607
5965.0,0.29382789025171174,96.57352053776252
5970.0,0.2940741835377568,96.86972727718901
5975.0,0.2943204768238018,106.67701414149786
5980.0,0.29456677010984683,111.78719127779458
5985.0,0.2948130633958918,112.24702115385391
5990.0,0.29505935668193684,115.09441831770508
5995.0,0.29530564996798186,116.03543147722499
6000.0,0.2955519432540269,117.07422539630304
6005.0,0.2957982365400719,126.03545406979639
6010.0,0.29604452982611695,132.89816936519296
6015.0,0.296290823112162,134.722990256506
6020.0,0.296537116398207,135.00162585080756
6025.0,0.296783409684252,141.80632536405986
6030.0,0.297029702970297,147.78494155496105
6035.0,0.29727599625634205,148.18122038596573
6040.0,0.2975222895423871,150.13792871361608
6045.0,0.2977685828284321,150.49714192123054
6050.0,0.29801487611447713,162.28171565136483
6055.0,0.29826116940052216,162.3929473836912
6060.0,0.29850746268656714,162.70420560651849
6065.0,0.29875375597261217,167.72986269175928
6070.0,0.2990000492586572,168.61385590499216
6075.0,0.2992463425447022,171.66674258834652
6080.0,0.29949263583074726,172.20705365468692
6085.0,0.2997389291167923,173.54366673202048
6090.0,0.2999852224028373,174.68024580812238
6095.0,0.30023151568888234,175.3493066715334
6100.0,0.3004778089749273,177.0000429746986
6105.0,0.30072410226097235,177.80848842693138
6110.0,0.3009703955470174,180.12523385835058
6115.0,0.3012166888330624,181.61546450482902
6120.0,0.30146298211910744,181.6417697276108
6125.0,0.30170927540515247,182.86200552056619
6130.0,0.3019555686911975,183.31327064361693
6135.0,0.3022018619772425,183.5362741414938
6140.0,0.3024481552632875,200.82089258998172
6145.0,0.30269444854933253,201.45086677790158
6150.0,0.30294074183537756,201.65984756419044
6155.0,0.3031870351214226,210.0060137573299
6160.0,0.3034333284074676,210.79497003945676
6165.0,0.30367962169351265,211.50040585140718
6170.0,0.3039259149795577,212.26216048986944
6175.0,0.3041722082656027,232.33317546176914
6180.0,0.3044185015516477,233.5584876068017
6185.0,0.3046647948376927,234.15012408835423
6190.0,0.30491108812373774,234.4545432796331
6195.0,0.30515738140978277,244.509335417313
6200.0,0.3054036746958278,260.82031787877287
6205.0,0.3056499679818728,280.86440751138883
6210.0,0.30589626126791786,293.12339746132926
6215.0,0.30614255455396283,318.2801809015287
6220.0,0.30638884784000786,319.43170759955444
6225.0,0.3066351411260529,368.55598113144987
6230.0,0.3068814344120979,386.9851561226811
6235.0,0.30712772769814295,437.3232894782336
6240.0,0.307374020984188,437.4835665217091
6245.0,0.307620314270233,437.5138972577346
6250.0,0.30786660755627804,441.67915117959086
6255.0,0.308112900842323,441.7547204801874
6260.0,0.30835919412836804,442.0943613139113
6265.0,0.30860548741441307,449.8170166187617
6270.0,0.3088517807004581,453.22260284612304
6275.0,0.30909807398650313,454.5797513695982
6280.0,0.30934436727254816,454.58126568755335
6285.0,0.3095906605585932,454.6126741551492
6290.0,0.3098369538446382,454.9682103398316
6295.0,0.3100832471306832,455.2450461337263
6300.0,0.3103295404167282,462.25561284528237
6305.0,0.31057583370277325,496.91164106382365
6310.0,0.3108221269888183,497.9591814803143
6315.0,0.3110684202748633,511.0609836654774
6320.0,0.31131471356090834,515.1404295736362
6325.0,0.31156100684695337,516.209460315456
6330.0,0.3118073001329984,516.2323135255273
6335.0,0.3120535934190434,586.8906884585367
6340.0,0.3122998867050884,586.8972919348031
6345.0,0.31254617999113343,591.8010793443237
6350.0,0.31279247327717846,593.3040679504502
6355.0,0.3130387665632235,594.3785754270796
6360.0,0.3132850598492685,594.8936801744469
6365.0,0.31353135313531355,594.925252866583
6370.0,0.3137776464213586,596.2867965590084
6375.0,0.31402393970740355,599.0771159000631
6380.0,0.3142702329934486,599.1540925474951
6385.0,0.3145165262794936,613.1786235441313
6390.0,0.31476281956553864,613.8918303161558
6395.0,0.3150091128515837,613.9003123673168
6400.0,0.3152554061376287,614.8773384855217
6405.0,0.31550169942367373,735.7446361320929
6410.0,0.3157479927097187,737.23859255037
6415.0,0.31599428599576374,903.6115360759038
6420.0,0.31624057928180876,904.334728570137
6425.0,0.3164868725678538,906.9486069366855
6430.0,0.3167331658538988,908.2635365546423
6435.0,0.31697945913994385,1604.307063327957
6440.0,0.3172257524259889,3800.03411144026
6445.0,0.3174720457120339,3800.03411144026
6450.0,0.3177183389980789,inf
6455.0,0.3179646322841239,inf
6460.0,0.31821092557016895,inf
6465.0,0.318457218856214,inf
6470.0,0.318703512142259,inf
6475.0,0.31894980542830403,inf
6480.0,0.31919609871434906,inf
6485.0,0.3194423920003941,inf
6490.0,0.31968868528643907,inf
6495.0,0.3199349785724841,inf
6500.0,0.3201812718585291,inf
6505.0,0.32042756514457416,inf
6510.0,0.3206738584306192,inf
6515.0,0.3209201517166642,inf
6520.0,0.32116644500270924,inf
6525.0,0.3214127382887543,inf
6530.0,0.32165903157479925,inf
6535.0,0.3219053248608443,inf
6540.0,0.3221516181468893,inf
6545.0,0.32239791143293434,inf
6550.0,0.32264420471897937,inf
6555.0,0.3228904980050244,inf
6560.0,0.3231367912910694,inf
6565.0,0.32338308457711445,inf
6570.0,0.32362937786315943,inf
6575.0,0.32387567114920446,inf
6580.0,0.3241219644352495,inf
6585.0,0.3243682577212945,inf
6590.0,0.32461455100733955,inf
6595.0,0.3248608442933846,inf
6600.0,0.3251071375794296,inf
6605.0,0.3253534308654746,inf
6610.0,0.3255997241515196,inf
6615.0,0.32584601743756464,inf
6620.0,0.32609231072360967,inf
6625.0,0.3263386040096547,inf
6630.0,0.3265848972956997,inf
6635.0,0.32683119058174476,inf
6640.0,0.3270774838677898,inf
6645.0,0.32732377715383476,inf
6650.0,0.3275700704398798,inf
6655.0,0.3278163637259248,inf
6660.0,0.32806265701196985,inf
6665.0,0.3283089502980149,inf
6670.0,0.3285552435840599,inf
6675.0,0.32880153687010494,inf
6680.0,0.32904783015614997,inf
6685.0,0.32929412344219494,inf
6690.0,0.32954041672823997,inf
6695.0,0.329786710014285,inf
6700.0,0.33003300330033003,inf
6705.0,0.33027929658637506,inf
6710.0,0.3305255898724201,inf
6715.0,0.3307718831584651,inf
6720.0,0.33101817644451015,inf
6725.0,0.3312644697305551,inf
6730.0,0.33151076301660015,inf
6735.0,0.3317570563026452,inf
6740.0,0.3320033495886902,inf
6745.0,0.33224964287473524,inf
6750.0,0.33249593616078027,inf
6755.0,0.3327422294468253,inf
6760.0,0.33298852273287033,inf
6765.0,0.3332348160189153,inf
6770.0,0.33348110930496033,inf
6775.0,0.33372740259100536,inf
6780.0,0.3339736958770504,inf
6785.0,0.3342199891630954,inf
6790.0,0.33446628244914045,inf
6795.0,0.3347125757351855,inf
6800.0,0.33495886902123045,inf
6805.0,0.3352051623072755,inf
6810.0,0.3354514555933205,inf
6815.0,0.33569774887936554,inf
6820.0,0.3359440421654106,inf
6825.0,0.3361903354514556,inf
6830.0,0.33643662873750063,inf
6835.0,0.33668292202354566,inf
6840.0,0.33692921530959064,inf
6845.0,0.33717550859563566,inf
6850.0,0.3374218018816807,inf
6855.0,0.3376680951677257,inf
6860.0,0.33791438845377075,inf
6865.0,0.3381606817398158,inf
6870.0,0.3384069750258608,inf
6875.0,0.33865326831190584,inf
6880.0,0.3388995615979508,inf
6885.0,0.33914585488399585,inf
6890.0,0.3393921481700409,inf
6895.0,0.3396384414560859,inf
6900.0,0.33988473474213093,inf
6905.0,0.34013102802817596,inf
6910.0,0.340377321314221,inf
6915.0,0.340623614600266,inf
6920.0,0.340869907886311,inf
6925.0,0.341116201172356,inf
6930.0,0.34136249445840106,inf
6935.0,0.3416087877444461,inf
6940.0,0.3418550810304911,inf
6945.0,0.34210137431653614,inf
6950.0,0.3423476676025812,inf
6955.0,0.3425939608886262,inf
6960.0,0.3428402541746712,inf
6965.0,0.3430865474607162,inf
6970.0,0.34333284074676124,inf
6975.0,0.34357913403280627,inf
6980.0,0.3438254273188513,inf
6985.0,0.3440717206048963,inf
6990.0,0.34431801389094135,inf
6995.0,0.34456430717698633,inf
7000.0,0.34481060046303136,inf
7005.0,0.3450568937490764,inf
7010.0,0.3453031870351214,inf
7015.0,0.34554948032116645,inf
7020.0,0.3457957736072115,inf
7025.0,0.3460420668932565,inf
7030.0,0.34628836017930154,inf
7035.0,0.3465346534653465,inf
7040.0,0.34678094675139154,inf
7045.0,0.34702724003743657,inf
7050.0,0.3472735333234816,inf
7055.0,0.3475198266095266,inf
7060.0,0.34776611989557166,inf
7065.0,0.3480124131816167,inf
7070.0,0.3482587064676617,inf
7075.0,0.3485049997537067,inf
7080.0,0.3487512930397517,inf
7085.0,0.34899758632579675,inf
7090.0,0.3492438796118418,inf
7095.0,0.3494901728978868,inf
7100.0,0.34973646618393184,inf
7105.0,0.34998275946997687,inf
7110.0,0.3502290527560219,inf
7115.0,0.35047534604206687,inf
7120.0,0.3507216393281119,inf
7125.0,0.35096793261415693,inf
7130.0,0.35121422590020196,inf
7135.0,0.351460519186247,inf
7140.0,0.351706812472292,inf
7145.0,0.35195310575833705,inf
7150.0,0.3521993990443821,inf
7155.0,0.35244569233042705,inf
7160.0,0.3526919856164721,inf
7165.0,0.3529382789025171,inf
7170.0,0.35318457218856214,inf
7175.0,0.35343086547460717,inf
7180.0,0.3536771587606522,inf
7185.0,0.35392345204669723,inf
7190.0,0.3541697453327422,inf
7195.0,0.35441603861878723,inf
7200.0,0.35466233190483226,inf
7205.0,0.3549086251908773,inf
7210.0,0.3551549184769223,inf
7215.0,0.35540121176296735,inf
7220.0,0.3556475050490124,inf
7225.0,0.3558937983350574,inf
7230.0,0.3561400916211024,inf
7235.0,0.3563863849071474,inf
7240.0,0.35663267819319244,inf
7245.0,0.3568789714792375,inf
7250.0,0.3571252647652825,inf
7255.0,0.35737155805132753,inf
7260.0,0.35761785133737256,inf
7265.0,0.3578641446234176,inf
7270.0,0.35811043790946256,inf
7275.0,0.3583567311955076,inf
7280.0,0.3586030244815526,inf
7285.0,0.35884931776759765,inf
7290.0,0.3590956110536427,inf
7295.0,0.3593419043396877,inf
7300.0,0.35958819762573274,inf
7305.0,0.35983449091177777,inf
7310.0,0.36008078419782275,inf
7315.0,0.3603270774838678,inf
7320.0,0.3605733707699128,inf
7325.0,0.36081966405595783,inf
7330.0,0.36106595734200286,inf
7335.0,0.3613122506280479,inf
7340.0,0.3615585439140929,inf
7345.0,0.3618048372001379,inf
7350.0,0.3620511304861829,inf
7355.0,0.36229742377222796,inf
7360.0,0.362543717058273,inf
7365.0,0.362790010344318,inf
7370.0,0.36303630363036304,inf
7375.0,0.3632825969164081,inf
7380.0,0.3635288902024531,inf
7385.0,0.3637751834884981,inf
7390.0,0.3640214767745431,inf
7395.0,0.36426777006058814,inf
7400.0,0.36451406334663317,inf
7405.0,0.3647603566326782,inf
7410.0,0.3650066499187232,inf
7415.0,0.36525294320476825,inf
7420.0,0.3654992364908133,inf
7425.0,0.36574552977685826,inf
7430.0,0.3659918230629033,inf
7435.0,0.3662381163489483,inf
7440.0,0.36648440963499335,inf
7445.0,0.3667307029210384,inf
7450.0,0.3669769962070834,inf
7455.0,0.36722328949312844,inf
7460.0,0.36746958277917346,inf
7465.0,0.36771587606521844,inf
7470.0,0.36796216935126347,inf
7475.0,0.3682084626373085,inf
7480.0,0.3684547559233535,inf
7485.0,0.36870104920939856,inf
7490.0,0.3689473424954436,inf
7495.0,0.3691936357814886,inf
7500.0,0.36943992906753365,inf
7505.0,0.3696862223535786,inf
7510.0,0.36993251563962365,inf
7515.0,0.3701788089256687,inf
7520.0,0.3704251022117137,inf
7525.0,0.37067139549775874,inf
7530.0,0.37091768878380377,inf
7535.0,0.3711639820698488,inf
7540.0,0.37141027535589377,inf
7545.0,0.3716565686419388,inf
7550.0,0.37190286192798383,inf
7555.0,0.37214915521402886,inf
7560.0,0.3723954485000739,inf
7565.0,0.3726417417861189,inf
7570.0,0.37288803507216395,inf
7575.0,0.373134328358209,inf
7580.0,0.37338062164425395,inf
7585.0,0.373626914930299,inf
7590.0,0.373873208216344,inf
7595.0,0.37411950150238904,inf
7600.0,0.37436579478843407,inf
7605.0,0.3746120880744791,inf
7610.0,0.37485838136052413,inf
7615.0,0.37510467464656916,inf
7620.0,0.37535096793261413,inf
7625.0,0.37559726121865916,inf
7630.0,0.3758435545047042,inf
7635.0,0.3760898477907492,inf
7640.0,0.37633614107679425,inf
7645.0,0.3765824343628393,inf
7650.0,0.3768287276488843,inf
7655.0,0.37707502093492934,inf
7660.0,0.3773213142209743,inf
7665.0,0.37756760750701934,inf
7670.0,0.37781390079306437,inf
7675.0,0.3780601940791094,inf
7680.0,0.37830648736515443,inf
7685.0,0.37855278065119946,inf
7690.0,0.3787990739372445,inf
7695.0,0.3790453672232895,inf
7700.0,0.3792916605093345,inf
7705.0,0.3795379537953795,inf
7710.0,0.37978424708142455,inf
7715.0,0.3800305403674696,inf
7720.0,0.3802768336535146,inf
7725.0,0.38052312693955964,inf
7730.0,0.38076942022560467,inf
7735.0,0.38101571351164965,inf
7740.0,0.3812620067976947,inf
7745.0,0.3815083000837397,inf
7750.0,0.38175459336978473,inf
7755.0,0.38200088665582976,inf
7760.0,0.3822471799418748,inf
7765.0,0.3824934732279198,inf
7770.0,0.38273976651396485,inf
7775.0,0.3829860598000098,inf
7780.0,0.38323235308605486,inf
7785.0,0.3834786463720999,inf
7790.0,0.3837249396581449,inf
7795.0,0.38397123294418994,inf
7800.0,0.384217526230235,inf
7805.0,0.38446381951628,inf
7810.0,0.38471011280232503,inf
7815.0,0.38495640608837,inf
7820.0,0.38520269937441504,inf
7825.0,0.38544899266046007,inf
7830.0,0.3856952859465051,inf
7835.0,0.3859415792325501,inf
7840.0,0.38618787251859515,inf
7845.0,0.3864341658046402,inf
7850.0,0.3866804590906852,inf
7855.0,0.3869267523767302,inf
7860.0,0.3871730456627752,inf
7865.0,0.38741933894882025,inf
7870.0,0.3876656322348653,inf
7875.0,0.3879119255209103,inf
7880.0,0.38815821880695534,inf
7885.0,0.38840451209300036,inf
7890.0,0.3886508053790454,inf
7895.0,0.38889709866509037,inf
7900.0,0.3891433919511354,inf
7905.0,0.3893896852371804,inf
7910.0,0.38963597852322546,inf
7915.0,0.3898822718092705,inf
7920.0,0.3901285650953155,inf
7925.0,0.39037485838136055,inf
7930.0,0.3906211516674055,inf
7935.0,0.39086744495345055,inf
7940.0,0.3911137382394956,inf
7945.0,0.3913600315255406,inf
7950.0,0.39160632481158564,inf
7955.0,0.39185261809763067,inf
7960.0,0.3920989113836757,inf
7965.0,0.3923452046697207,inf
7970.0,0.3925914979557657,inf
7975.0,0.39283779124181073,inf
7980.0,0.39308408452785576,inf
7985.0,0.3933303778139008,inf
7990.0,0.3935766710999458,inf
7995.0,0.39382296438599085,inf
